Municipalité,Cible sur 10 ans en matière de logements,Total des progrès de l’offre de logements depuis 2022,Cible 2023,Total des progrès de l’offre de logements 2023 ,Progrès 2023 %,État de la cible en matière de logements
Ajax,17000,1638,1247,1121,89.90%,Sur la bonne voie
Aurora,8000,474,587,232,39.52%,Non atteinte
Barrie,23000,3991,1687,1716,101.72%,Dépassée
Belleville,3100,927,227,697,307.05%,Dépassée
Bradford West Gwillimbury,6500,752,477,254,53.25%,Non atteinte
Brampton,113000,15214,8287,7028,84.81%,Sur la bonne voie
Brantford,10000,2171,733,788,107.50%,Dépassée
Burlington,29000,712,2127,584,27.46%,Non atteinte
Caledon,13000,1796,953,778,81.64%,Sur la bonne voie
Cambridge,19000,2282,1393,1220,87.58%,Sur la bonne voie
Chatham-Kent,1100,1067,81,522,644.44%,Dépassée
Clarington,13000,1236,953,547,57.40%,Non atteinte
East Gwillimbury,4300,886,315,190,60.32%,Non atteinte
Georgina,6200,622,455,419,92.09%,Sur la bonne voie
Greater Sudbury,3800,737,279,436,156.27%,Dépassée
Guelph,18000,1618,1320,1177,89.17%,Sur la bonne voie
Haldimand County,4200,434,308,192,62.34%,Non atteinte
Halton Hills,9500,386,697,144,20.66%,Non atteinte
Hamilton,47000,7812,3447,4142,120.16%,Dépassée
Innisfil,6300,1295,462,738,159.74%,Dépassée
Kawartha Lakes,6500,1043,477,470,98.53%,Sur la bonne voie
Kingston,8000,1896,587,1465,249.57%,Dépassée
Kitchener,35000,6527,2567,3579,139.42%,Dépassée
London,47000,4313,3447,1804,52.34%,Non atteinte
Markham,44000,4458,3227,1472,45.62%,Non atteinte
Milton,21000,3279,1540,1952,126.75%,Dépassée
Mississauga,120000,8603,8800,3470,39.43%,Non atteinte
New Tecumseth,6400,307,469,101,21.54%,Non atteinte
Newmarket,12000,784,880,286,32.50%,Non atteinte
Niagara Falls,8000,1083,587,471,80.24%,Sur la bonne voie
Norfolk County,5700,546,418,269,64.35%,Non atteinte
North Bay,1000,422,73,202,276.71%,Dépassée
Oakville,33000,3924,2420,1941,80.21%,Sur la bonne voie
Oshawa,23000,3114,1687,1135,67.28%,Non atteinte
Ottawa,151000,20770,11073,10313,93.14%,Sur la bonne voie
Peterborough City,4700,776,345,506,146.67%,Dépassée
Pickering,13000,3052,953,1502,157.61%,Dépassée
Richmond Hill,27000,2196,1980,769,38.84%,Non atteinte
Sarnia,1000,411,73,254,347.95%,Dépassée
Sault Ste. Marie,1500,482,110,213,193.64%,Dépassée
St. Catharines,11000,1071,807,648,80.30%,Sur la bonne voie
Thunder Bay,2200,341,161,200,124.22%,Dépassée
Toronto,285000,53340,20900,31656,151.46%,Dépassée
Vaughan,42000,6173,3080,1863,60.49%,Non atteinte
Waterloo,16000,1563,1173,635,54.13%,Non atteinte
Welland,4300,1547,315,868,275.56%,Dépassée
Whitby,18000,2706,1320,1159,87.80%,Sur la bonne voie
Whitchurch-Stouffville,6500,1582,477,1141,239.20%,Dépassée
Windsor,13000,837,953,346,36.31%,Non atteinte
Woodstock,5500,612,403,475,117.87%,Dépassée
Municipalités sans cible,172700,33735,12663,16237,128.20%,Sans objet
